{
    "distance_to_goal": 5.5388521250659455,
    "success": 0.4176182707993475,
    "spl": 0.3916075305645564,
    "ndtw": 0.6318077996989404,
    "path_length": 8.2966641052048,
    "oracle_success": 0.5372485046220772,
    "steps_taken": 52.89396411092985
}